{
  "id": "2601738",
  "name": "ttmstest",
  "font_family": "iconfonttest",
  "css_prefix_text": "icon-test",
  "description": "",
  "glyphs": [
    {
      "icon_id": "7212712",
      "name": "确定",
      "font_class": "confirmIcon",
      "unicode": "e60b",
      "unicode_decimal": 58891
    },
    {
      "icon_id": "930691",
      "name": "添加",
      "font_class": "tianjia",
      "unicode": "e64c",
      "unicode_decimal": 58956
    },
    {
      "icon_id": "2371911",
      "name": "添加",
      "font_class": "icon_add",
      "unicode": "e6e6",
      "unicode_decimal": 59110
    },
    {
      "icon_id": "3067234",
      "name": "添加",
      "font_class": "tianjia1",
      "unicode": "e648",
      "unicode_decimal": 58952
    },
    {
      "icon_id": "3274419",
      "name": "钱 03",
      "font_class": "qian",
      "unicode": "e618",
      "unicode_decimal": 58904
    },
    {
      "icon_id": "21042704",
      "name": "mine,profile,me",
      "font_class": "C_huaban1",
      "unicode": "e628",
      "unicode_decimal": 58920
    },
    {
      "icon_id": "21042705",
      "name": "delete",
      "font_class": "C-05",
      "unicode": "e629",
      "unicode_decimal": 58921
    },
    {
      "icon_id": "21042706",
      "name": "share",
      "font_class": "C-04",
      "unicode": "e62a",
      "unicode_decimal": 58922
    },
    {
      "icon_id": "21042707",
      "name": "collect",
      "font_class": "C-02",
      "unicode": "e62b",
      "unicode_decimal": 58923
    },
    {
      "icon_id": "21042708",
      "name": "comment",
      "font_class": "C-09",
      "unicode": "e62c",
      "unicode_decimal": 58924
    },
    {
      "icon_id": "21042709",
      "name": "edit,post",
      "font_class": "C-08",
      "unicode": "e62d",
      "unicode_decimal": 58925
    },
    {
      "icon_id": "21042710",
      "name": "photo",
      "font_class": "C-13",
      "unicode": "e62e",
      "unicode_decimal": 58926
    },
    {
      "icon_id": "21042711",
      "name": "alarm clock",
      "font_class": "C-16",
      "unicode": "e62f",
      "unicode_decimal": 58927
    },
    {
      "icon_id": "21042712",
      "name": "post,send",
      "font_class": "C-10",
      "unicode": "e630",
      "unicode_decimal": 58928
    },
    {
      "icon_id": "21042713",
      "name": "back",
      "font_class": "C-03",
      "unicode": "e631",
      "unicode_decimal": 58929
    },
    {
      "icon_id": "21042714",
      "name": "microphone",
      "font_class": "C-11",
      "unicode": "e632",
      "unicode_decimal": 58930
    },
    {
      "icon_id": "21042715",
      "name": "like",
      "font_class": "C-07",
      "unicode": "e633",
      "unicode_decimal": 58931
    },
    {
      "icon_id": "21042716",
      "name": "search",
      "font_class": "C-21",
      "unicode": "e634",
      "unicode_decimal": 58932
    },
    {
      "icon_id": "21042717",
      "name": "history",
      "font_class": "C-15",
      "unicode": "e635",
      "unicode_decimal": 58933
    },
    {
      "icon_id": "21042718",
      "name": "edit",
      "font_class": "C-22",
      "unicode": "e636",
      "unicode_decimal": 58934
    },
    {
      "icon_id": "21042719",
      "name": "camera",
      "font_class": "C-12",
      "unicode": "e637",
      "unicode_decimal": 58935
    },
    {
      "icon_id": "21042720",
      "name": "setting",
      "font_class": "C-14",
      "unicode": "e638",
      "unicode_decimal": 58936
    },
    {
      "icon_id": "21042722",
      "name": "me,people",
      "font_class": "C-25",
      "unicode": "e639",
      "unicode_decimal": 58937
    },
    {
      "icon_id": "21042723",
      "name": "password",
      "font_class": "C-26",
      "unicode": "e63a",
      "unicode_decimal": 58938
    },
    {
      "icon_id": "21042724",
      "name": "customer service",
      "font_class": "C-24",
      "unicode": "e63b",
      "unicode_decimal": 58939
    },
    {
      "icon_id": "21042725",
      "name": "hot",
      "font_class": "C-23",
      "unicode": "e63c",
      "unicode_decimal": 58940
    },
    {
      "icon_id": "21042726",
      "name": "bookmark",
      "font_class": "C-17",
      "unicode": "e63d",
      "unicode_decimal": 58941
    },
    {
      "icon_id": "21042728",
      "name": "voice",
      "font_class": "C-18",
      "unicode": "e63e",
      "unicode_decimal": 58942
    },
    {
      "icon_id": "21042730",
      "name": "follow",
      "font_class": "C-27",
      "unicode": "e63f",
      "unicode_decimal": 58943
    },
    {
      "icon_id": "21490840",
      "name": "胶片夹",
      "font_class": "028-filmreel",
      "unicode": "e716",
      "unicode_decimal": 59158
    },
    {
      "icon_id": "21492650",
      "name": "日历",
      "font_class": "047-calendar",
      "unicode": "e71a",
      "unicode_decimal": 59162
    },
    {
      "icon_id": "22002743",
      "name": "电话",
      "font_class": "dianhua",
      "unicode": "e8ae",
      "unicode_decimal": 59566
    },
    {
      "icon_id": "1165",
      "name": "管理员",
      "font_class": "guanliyuan",
      "unicode": "e600",
      "unicode_decimal": 58880
    },
    {
      "icon_id": "5064085",
      "name": "管理",
      "font_class": "guanli",
      "unicode": "e640",
      "unicode_decimal": 58944
    },
    {
      "icon_id": "7350865",
      "name": "观影，看电影，电影院",
      "font_class": "huabankaobei",
      "unicode": "e677",
      "unicode_decimal": 58999
    },
    {
      "icon_id": "15253891",
      "name": "发布的活动-售票中",
      "font_class": "fabudehuodong-shoupiaozhong",
      "unicode": "e612",
      "unicode_decimal": 58898
    },
    {
      "icon_id": "18682588",
      "name": "电影",
      "font_class": "dianying",
      "unicode": "e658",
      "unicode_decimal": 58968
    }
  ]
}
